id,name
1,Буррата
2,Панифарин
3,абрикосовое варенье
4,абрикосовое пюре
5,абрикосовый джем
6,абрикосовый сок
7,абрикосы
8,абрикосы консервированные
9,авокадо
10,агава сироп
11,агар-агар
12,аграм
13,аджика
14,аджика зеленая
15,айва
16,айвовое пюре
17,айран
18,айсинг
19,акула стейки
20,алкоголь
21,алкоголь крепкий
22,алыча
23,альбухара
24,альмехи
25,амарантовая мука
26,ананасовый сироп
27,ананасовый сок
28,ананасы
29,ананасы вяленые
30,ананасы консервированные
31,анис
32,анис звездочки
33,анис семена
34,анисовый ликер
35,анчоусы
36,апельсиновая вода
37,апельсиновая цедра
38,апельсиновая эссенция
39,апельсиновое варенье
40,апельсиновые цукаты
41,апельсиновый джем
42,апельсиновый джем с имбирем
43,апельсиновый ликер
44,апельсиновый сироп
45,апельсиновый сок
46,апельсиновый сок свежевыжатый
47,апельсиновый уксус
48,апельсиновый экстракт
49,апельсины
50,апельсины красные
51,апельсины крупные
52,арахис
53,арахис жареный
54,арахис соленый
55,арахисовая паста
56,арахисовое масло
57,арбузная мякоть
58,арбузы
59,аргановое масло
60,аришта
61,ароматизатор
62,"ароматизатор ""ананас"""
63,"ароматизатор ""вишня"""
64,"ароматизатор ""малина"""
65,"ароматизатор ""ром"""
66,артишоки
67,артишоки в масле
68,артишоки маринованные
69,аспирин
70,ассорти мясное
71,ассорти овощное
72,ассорти фруктовое
73,ассорти ягодное
74,аши
75,багет
76,багет вчерашний
77,багет мини
78,бадан
79,бадьян
80,базилик лимонный
81,базилик свежий
82,базилик сушеный
83,базилик тайский
84,базилик фиолетовый
85,баклажаны
86,баклажаны мини
87,баклажаны тайские
88,балык
89,бальзам
90,бальзам рижский черный
91,бальзамический крем
92,бальзамический соус
93,бальзамический уксус
94,бамия
95,банановое пюре
96,банановые чипсы
97,банановый зеленый сироп
98,банановый ликер
99,бананы
100,бананы мини
101,барабулька
102,бараний ливер
103,бараний окорок на косточке
104,бараний фарш
105,баранина
106,баранки
107,бараньи антрекоты
108,бараньи голяшки
109,бараньи потроха
110,бараньи ребрышки
111,баранья лопатка
112,баранья нога
113,баранья печень
114,барбарис
115,барбарис вяленый
116,барбарис молотый
117,бастурма
118,батат
119,батон
120,батончики шоколадные
121,безе
122,бекон
123,бекон варено-копченый
124,бекон сырокопченый
125,белорыбица
126,бирнель
127,бисквик смесь готовая
128,бисквит
129,бисквит шоколадный
130,бисквитная крошка
131,бисквитный корж
132,бисквитный рулет
133,бифштекс
134,блинная мука
135,блины готовые
136,блины овсяные
137,бобовые ростки
138,бобы
139,бобы мунг пророщенные
140,бобы тонка
141,ботарга
142,брезаола
143,бренди
144,брокколи замороженная
145,брокколи свежая
146,брусника замороженная
147,брусника свежая
148,брусника сушеная
149,брусничное варенье
150,брусничный соус
151,брынза
152,брынза сербская
153,брюква
154,буженина
155,бузина сироп
156,букет гарни
157,булгур
158,булка
159,булка белая
160,булка сдобная
161,булочки
162,булочки белые черствые
163,булочки бриошь
164,булочки вчерашние
165,булочки для гамбургеров
166,булочки зерновые
167,булочки ржаные
168,булочки с кунжутом
169,бульон
170,бульонные кубики
171,бурбон
172,буряк
173,бусинки кондитерские
174,бусинки кондитерские серебряные
175,бычий хвост
176,ванилин
177,ваниль в стручках
178,ванильная настойка
179,ванильная эссенция
180,ванильный порошок
181,ванильный сироп
182,ванильный экстракт
183,варенье
184,васаби
185,вафельная крошка
186,вафельные коржи
187,вафельные трубочки
188,вафли
189,вафли шоколадные
190,вермишель
191,вермишель яичная
192,вермут
193,вермут белый
194,вермут сухой
195,ветчина
196,ветчина вареная
197,ветчина варено-копченая
198,ветчина копченая
199,ветчина пармская
200,ветчина сырокопченая
201,вешенки
202,винегрет
203,винный камень
204,винный уксус
205,винный уксус белый
206,винный уксус красный
207,винный уксус на чесноке
208,винный уксус на эстрагоне
209,вино белое
210,вино белое полусладкое
211,вино белое полусухое
212,вино белое сладкое
213,вино белое столовое
214,вино белое сухое
215,вино десертное
216,вино игристое сухое
217,вино красное
218,вино красное полусладкое
219,вино красное полусухое
220,вино красное сладкое
221,вино красное сухое
222,вино крепленое
223,вино розовое полусладкое
224,вино розовое полусухое
225,виноград
226,виноград без косточек
227,виноград белый
228,виноград изабелла
229,виноград синий
230,виноград черный
231,виноградное желе
232,виноградные листья
233,виноградные листья маринованные
234,виноградные листья молодые
235,виноградный сок
236,виноградный сок осветленный
237,виски
238,витамин C в порошке
239,вишневая настойка
240,вишневое варенье
241,вишневые листья
242,вишневый джем
243,вишневый ликер
244,вишневый сироп
245,вишневый сок
246,вишня
247,вишня вяленая
248,вишня замороженная
249,вишня засахаренная кондитерская
250,вишня коктейльная
251,вишня мараскино
252,"вишня, протертая с сахаром"
253,вода
254,вода минеральная без газа
255,вода минеральная газированная
256,водка
257,водка анисовая
258,водоросли
259,вустерширский соус
260,галангал корень
261,галеты
262,гамбургер
263,ганаш
264,гарам масала
265,гарнир
266,гаспачо
267,гвоздика
268,гвоздика молотая
269,герань листья
270,геркулес
271,глазурь
272,глазурь белая
273,глазурь готовая
274,глазурь черная
275,глазурь шоколадная белая
276,глутамат натрия
277,глюкоза
278,глюкоза сироп
279,говядина
280,говядина на кости
281,говяжий фарш
282,говяжий язык
283,говяжье сердце
284,говяжьи бифштексы
285,говяжьи голяшки
286,говяжьи легкие
287,говяжьи ребра
288,говяжьи стейки рибай
289,говяжья вырезка
290,говяжья грудинка
291,говяжья лопатка
292,говяжья мозговая кость
293,говяжья мякоть
294,говяжья печень
295,говяжья черева
296,говяжья шейка
297,годжи
298,голец филе
299,голубика
300,голубика замороженная
301,голубь
302,горбуша
303,горбуша в собственном соку
304,горбуша филе
305,горгонзола
306,горгонзола пиканте
307,горох
308,горох колотый
309,гороховые ростки
310,гороховый суп
311,горошек зеленый
312,горошек зеленый замороженный
313,горошек зеленый консервированный
314,горошек стручковый свежий
315,горчица
316,горчица дижонская
317,горчица дижонская с медом
318,горчица желтая семена
319,горчица острая
320,горчица русская
321,горчица с зернами
322,горчица семена
323,горчица сухая
324,горчица французская
325,горчица цитрусовая
326,горчичное масло
327,горчичный порошок
328,грана падано
329,гранатные зерна
330,гранатовая паста
331,гранатовый сироп
332,гранатовый сок
333,гранатовый сок свежевыжатый
334,гранатовый соус
335,гранаты
336,гранита
337,гранола с орехами
338,граппа
339,гратен
340,грейпфрутовая цедра
341,грейпфрутовый сок
342,грейпфруты
343,грейпфруты розовые
344,гренадин
345,гренки
346,грецкие орехи
347,грецкие орехи рубленые
348,гречневая крупа
349,гречневая крупа зеленая
350,гречневая лапша соба
351,гречневая мука
352,гречневое молоко
353,гречневые хлопья
354,грибы
355,грибы белые
356,грибы белые замороженные
357,грибы белые маринованные
358,грибы белые сухие
359,грибы замороженные
360,грибы замороженные (опята и маслята)
361,грибы лесные
362,грибы маринованные
363,грибы свежие
364,грибы соленые
365,грибы соломенные консервированные
366,грибы сухие
367,грибы шиитаке
368,грибы шиитаке сухие
369,гриль
370,гриссини
371,грудинка
372,грудинка варено-копченая
373,грудинка копченая
374,грушевое пюре
375,грушевый ликер
376,грушевый сироп
377,грушевый сок
378,грушевый уксус
379,груши
380,груши вяленые
381,грюйер
382,гуава
383,гуанчиале
384,гурьевская каша
385,гусиная грудка копченая
386,гусиная печень
387,гусиный жир
388,гусь
389,гусь тушка
390,дайкон
391,детское питание
392,джем
393,джин
394,джусай
395,диоксид титана
396,долма
397,дорада
398,дорада потрошеная с головой
399,дорада с головой
400,дорада тушка
401,драже
402,дрожжи домашние
403,дрожжи свежие
404,дрожжи сухие
405,дубовая кора
406,душица
407,дыня
408,ежевика
409,ежевика замороженная
410,ерш
411,желатин
412,желатин листовой
413,желе
414,желе для торта
415,желирующее вещество
416,желирующий сахар
417,женьшень
418,жидкий дым
419,жимолость
420,жир
421,жир вытопленный
422,жир кулинарный
423,жир растительный
424,заатар
425,завтрак сухой
426,завтрак сухой подушечки
427,загуститель для сливок
428,зайчатина
429,закваска
430,закваска вечная
431,заменитель сахара
432,заменитель сахара стевия
433,заправка для салатов готовая
434,зверобой
435,зелень
436,зелень рубленая
437,земляника
438,земляника замороженная
439,зефир
440,зира
441,злаковые хлопья
442,зубатка
443,зубатка филе
444,изолят соевого протеина
445,изюм
446,изюм без косточек
447,изюм белый
448,изюм черный
449,икра
450,икра вяленой рыбы
451,икра горбуши зернистая
452,икра красная
453,икра красной рыбы мелкая
454,икра летучей рыбы
455,икра лосося
456,икра мойвы
457,икра палтуса
458,икра судака
459,икра черная
460,имбирное варенье
461,имбирное печенье
462,имбирные цукаты
463,имбирь
464,имбирь засахаренный
465,имбирь корень
466,имбирь маринованный
467,имбирь молотый
468,индейка
469,индейка голень
470,индейка грудка
471,индейка копченая
472,индейка тушка
473,индейка фарш
474,индейка филе
475,индоутка
476,индюшачья печень
477,инжир
478,инжир свежий
479,инжир сушеный
480,ирга
481,ириски
482,итальянские травы
483,йогурт
484,йогурт греческий
485,йогурт жирный
486,йогурт козий
487,йогурт натуральный
488,йогурт нежирный
489,йогурт обезжиренный
490,йогурт фруктовый
491,кабачки
492,кабачки замороженные
493,кабачки молодые
494,каджунская смесь специй
495,какао
496,какао сгущенное
497,какао-бобы
498,какао-масло
499,какао-порошок
500,какао-порошок обезжиренный
501,калина
502,калина протертая
503,калинджи семена
504,кальвадос
505,кальмары
506,кальмары вареные
507,кальмары замороженные
508,кальмары консервированные
509,кальмары филе
510,камамбер
511,камбала
512,камбала филе
513,кампари
514,кандурин золотой
515,каннеллони
516,капеллини
517,каперсы
518,каперсы в винном уксусе
519,каперсы маринованные
520,капуста белокочанная
521,капуста брюссельская
522,капуста брюссельская замороженная
523,капуста кале
524,капуста квашеная
525,капуста кольраби
526,капуста краснокочанная
527,капуста морская
528,капуста морская замороженная
529,капуста морская сушеная
530,капуста пекинская
531,капуста савойская
532,капуста цветная
533,капуста цветная замороженная
534,капустный рассол
535,капучино
536,каракатица
537,каракатица очищенная
538,карамбола
539,карамель
540,карамель с начинкой
541,карамель соленая
542,карамельный соус
543,карась
544,карбонад
545,кардамон
546,кардамон зерна
547,кардамон молотый
548,кардамон стручки
549,каркаде
550,карп
551,карп зеркальный
552,карп филе
553,карри
554,карри листья
555,карри паста
556,картофель
557,картофель вареный
558,картофель вареный в мундире
559,картофель молодой
560,картофель печеный
561,картофельное пюре
562,картофельные ньокки
563,картофельные хлопья
564,картофельные чипсы
565,картофельный крахмал
566,картофельный отвар
567,картофельный хэш замороженный
568,катык
569,каффир-лайм листья
570,каша
571,каша для детского питания
572,каштановая мука
573,каштановый крем
574,каштаны
575,каштаны вареные
576,каштаны консервированные
577,каштаны очищенные
578,квас
579,квас хлебный
580,квасное сусло
581,квасной концентрат сухой
582,кедровая мука
583,кедровые орехи
584,кедровые орехи жареные
585,кета
586,кетчуп острый
587,кетчуп томатный
588,кетчуп тосканский
589,кетчуп шашлычный
590,кефаль
591,кефир
592,кефир 1%
593,"кефир 2,5%"
594,"кефир 3,2%"
595,кефир обезжиренный
596,кешью
597,кивано
598,киви
599,киви желе
600,кижуч
601,кижуч горячего копчения филе
602,кизил
603,килька
604,кимчи
605,кинза свежая
606,кинза сушеная
607,киноа
608,киноа молотая
609,кипяток
610,кирш
611,кисель
612,кисель сухой
613,кисломолочный напиток Тан
614,кишки
615,клейковина
616,клементины
617,кленовый сироп
618,клубника
619,клубника в сиропе
620,клубника замороженная
621,клубника сушеная
622,"клубника, протертая с сахаром"
623,клубничное варенье
624,клубничное желе
625,клубничное пюре
626,клубничный джем
627,клубничный джем густой
628,клубничный компот
629,клубничный ликер
630,клубничный сироп
631,клюква
632,клюква вяленая
633,клюква замороженная
634,"клюква, протертая с сахаром"
635,клюквенное варенье
636,клюквенный джем
637,клюквенный морс
638,клюквенный сироп
639,клюквенный соус
640,козлиная печень
641,козлятина молодая
642,кока-кола
643,кокосовая вода
644,кокосовая мука
645,кокосовая стружка
646,кокосовая стружка цветная
647,кокосовое масло
648,кокосовое молоко
649,кокосовые сливки
650,кокосовый ликер
651,кокосовый экстракт
652,кокосы
653,кола
654,колбаса
655,колбаса вареная
656,колбаса варено-копченая
657,колбаса копченая
658,колбаса кровяная
659,колбаса полукопченая
660,колбаса сырокопченая
661,колбаска свиная свежая (salsiccia)
662,колбаски
663,колбаски для жарки
664,колбаски домашние
665,колбаски охотничьи
666,колбаски сырокопченые
667,компот
668,конопля семена
669,конопляное масло
670,конфеты
671,конфеты M&M’s
672,конфеты Коровка
673,конфеты Трюфель
674,конфеты жевательные лакричные
675,конфитюр
676,конфитюрка
677,коньяк
678,копчености
679,коренья
680,кориандр
681,кориандр зелень
682,кориандр молотый
683,кориандр семена
684,коринка
685,корица
686,корица молотая
687,корнишоны
688,корнишоны маринованые
689,корюшка
690,корюшка горячего копчения
691,кости
692,кости мозговые
693,кость сахарная
694,кофе в зернах
695,кофе зеленый
696,кофе молотый
697,кофе растворимый
698,кофе свежесваренный
699,кофе черный
700,кофе эспрессо
701,кофейные зерна в шоколаде
702,кофейный ликер
703,кофейный ликер Kahlua
704,кофейный напиток
705,кофейный сироп
706,кофейный экстракт
707,краб снежный
708,крабовое мясо
709,крабовые палочки
710,крабы
711,крапива
712,краситель пищевой
713,краситель пищевой вишневый
714,краситель пищевой желтый
715,краситель пищевой зеленый
716,краситель пищевой красный
717,краситель пищевой оранжевый
718,краситель пищевой фиолетовый
719,краситель пищевой черный
720,краситель-гель пищевой
721,красная смородина
722,"красная смородина, протертая с сахаром"
723,красноперка
724,красносмородиновое варенье
725,красный винный соус
726,крахмал
727,креветки
728,креветки замороженные
729,креветки королевские
730,креветки очищенные
731,креветки очищенные в рассоле
732,креветки салатные
733,креветки сушеные
734,креветки тигровые
735,крекер
736,крекер соленый
737,крем заварной
738,крем заварной порошковый
739,крем-фреш
740,кресс-салат
741,кровь
742,кролик
743,кролик тушка
744,кролик филе
745,кроличья печень
746,круассаны
747,крутоны мелкие
748,крыжовник
749,крыжовниковое варенье
750,кукуруза
751,кукуруза замороженная
752,кукуруза консервированная
753,кукуруза обжаренная кикос
754,кукурузная крупа
755,кукурузная мука
756,кукурузное масло
757,кукурузные лепешки
758,кукурузные палочки
759,кукурузные хлопья
760,кукурузные хлопья глазированные
761,кукурузные чипсы
762,кукурузный (золотой) сироп
763,кукурузный крахмал
764,кумин
765,кумкваты
766,кунжут
767,кунжут черный
768,кунжутная мука
769,кунжутная паста
770,кунжутное масло
771,кунжутные семечки
772,купаты
773,курага
774,курдючное сало
775,курдючный жир
776,куриная ветчина
777,куриная кожа
778,куриная печень
779,куриное карпаччо
780,куриное филе
781,куриные бедра
782,куриные голени
783,куриные голени копченые
784,куриные грудки
785,куриные грудки вареные
786,куриные грудки копченые
787,куриные желудочки
788,куриные кости
789,куриные крылья
790,куриные окорочка
791,куриные окорочка копченые
792,куриные потрошки
793,куриные сердечки
794,куриный бульон
795,куриный паштет
796,куриный суповой набор
797,куриный фарш
798,курица
799,курица вареная
800,курица для жарки
801,курица копченая
802,курица тушка
803,куркума
804,куропатки
805,кускус
806,кускус жемчужный
807,кэроб
808,лаванда
809,лаванда сушеная
810,лавандовый краситель
811,лаваш
812,лаваш армянский
813,лаваш персидский круглый
814,лаваш тонкий
815,лавровые листья свежие
816,лавровый лист
817,лайм
818,лайм листья
819,лаймовая цедра
820,лаймовый сок
821,лангустины
822,лапша
823,лапша для лагмана
824,лапша ширатаки
825,лапша яичная в гнездах
826,латук
827,легкие
828,лед
829,леди-фиш тушка
830,лемонграсс (лимонное сорго)
831,лен семена
832,лепешки
833,лепешки арабские
834,лесные орехи
835,лечо
836,ливер
837,ликер
838,ликер Alchermes
839,ликер Amaretto
840,ликер Baileys
841,ликер Cointreau
842,ликер кремовый
843,ликер сливочный
844,лимонад
845,лимонная кислота
846,лимонная цедра
847,лимонник стебель
848,лимонник ягоды
849,лимонные корочки засахаренные
850,лимонные цукаты
851,лимонный сок
852,лимонный уксус
853,лимонный экстракт
854,лимончелло
855,лимоны
856,лингвине
857,лисички
858,лисички сушеные
859,личи
860,личи компот
861,лобстер
862,лонган
863,лонгконг
864,лососевые молоки
865,лососевый фарш
866,лосось
867,лосось горячего копчения
868,лосось копченый
869,лосось свежесоленый
870,лосось свежий
871,лосось свежий филе
872,лосось слабосоленый
873,лосось стейки
874,лосось филе
875,лосось филе на коже
876,лосось холодного копчения
877,лосятина
878,лук белый
879,лук зеленый
880,лук красный
881,лук маринованный
882,лук репчатый
883,лук репчатый мелкий
884,лук салатный
885,лук сушеный
886,лук-порей
887,лук-резанец
888,лук-шалот
889,лук-шалот красный
890,луковая шелуха
891,луковый порошок
892,льняная мука
893,льняное масло
894,льняное семя
895,льняное семя молотое
896,любисток
897,маасдам
898,мадера
899,майонез
900,майонез «Слобода» Легкий
901,майонез «Слобода» На перепелиных яйцах
902,майонез «Слобода» Оливковый
903,майонез «Слобода» Провансаль
904,майонез «Слобода» С лимонным соком
905,майонез «Слобода» Сметанный
906,майонез домашний
907,майонез легкий
908,майонез оливковый
909,майонезный соус «Слобода» Постный
910,майоран
911,майоран свежий
912,майоран сушеный
913,мак
914,мак молотый
915,макаронные изделия
916,макаронные изделия мелкие
917,макароны
918,макароны баветте
919,макароны букатини
920,макароны джильи
921,макароны диталони
922,макароны орзо
923,макароны рисони
924,макароны-бабочки (farfalle)
925,макароны-бабочки (farfalle) мини
926,макароны-бантики
927,макароны-звездочки
928,макароны-ракушки (conchiglie rigate)
929,макароны-ракушки (conchiglie)
930,макароны-ракушки крупные
931,макароны-рожки (pipe rigate)
932,макароны-спиральки (fusilli)
933,макароны-ушки (orecchiette)
934,маккерончини
935,маковая масса
936,малина
937,малина замороженная
938,малина сушеная
939,"малина, протертая с сахаром"
940,малиновое варенье
941,малиновое желе
942,малиновое пюре
943,малиновый джем
944,малиновый крем
945,малиновый сироп
946,малиновый соус
947,малиновый уксус
948,малиновый чай
949,манго
950,манго консервированное
951,манговый сироп
952,мангольд
953,мангустин
954,мандариновое пюре
955,мандариновые цукаты
956,мандариновый сок
957,мандарины
958,мандарины в собственном соку
959,манная крупа
960,маракуйя
961,маргарин
962,маргарин сливочный
963,мармелад
964,мармелад бутербродный
965,марсала
966,мартини
967,мартини красный
968,марципан
969,марципан зеленый
970,марципан розовый
971,маршмеллоу
972,маршмеллоу крем
973,маршмеллоу мини
974,маскарпоне
975,маслины
976,маслины без косточек
977,масло авокадо
978,масло виноградных косточек
979,масло грецкого ореха
980,масло для фритюра
981,масло кедрового ореха
982,маслята
983,мастика
984,мастика желатиновая
985,мастика шоколадная
986,матча
987,мафальдине
988,маца
989,мацони
990,маш
991,мед
992,мед акации
993,мед гречишный
994,мед жидкий
995,мед лавандовый
996,мелисса
997,меренги
998,мидии
999,мидии в раковинах
1000,мидии в раковинах крупные черные
1001,мидии в раковинах мелкие зеленые
1002,мидии замороженные
1003,мидии копченые в масле
1004,микрозелень
1005,миндаль
1006,миндаль жареный
1007,миндаль измельченный
1008,миндаль очищенный
1009,миндаль рубленый
1010,миндальная масса
1011,миндальная мука
1012,миндальная паста
1013,миндальная эссенция
1014,миндальное масло
1015,миндальное молоко
1016,миндальное печенье
1017,миндальное пралине
1018,миндальные лепестки
1019,миндальный ликер
1020,миндальный сироп
1021,миндальный экстракт
1022,мини-кукуруза
1023,минога
1024,минтай
1025,минтай печень
1026,минтай филе
1027,мисо-паста
1028,мисо-суп
1029,можжевельник ягоды
1030,мойва
1031,моллюски
1032,молоко
1033,"молоко 0,5%"
1034,"молоко 1,5%"
1035,"молоко 2,5%"
1036,"молоко 3,2%"
1037,"молоко 3,6%"
1038,молоко 4%
1039,молоко 6%
1040,молоко козье
1041,молоко концентрированное
1042,молоко рисовое
1043,молоко сгущенное
1044,молоко сгущенное вареное
1045,молоко сгущенное с какао
1046,молоко сухое
1047,молоко сухое обезжиренное
1048,молоко топленое
1049,молочная смесь
1050,молочные продукты
1051,морепродукты
1052,морковное пюре
1053,морковь
1054,морковь вареная
1055,морковь крупная
1056,морковь молодая
1057,морковь по-корейски
1058,морковь тертая
1059,мороженое
1060,мороженое ванильное
1061,мороженое клубничное
1062,мороженое лимонное
1063,мороженое малиновое
1064,мороженое пломбир
1065,мороженое шоколадное
1066,морошка
1067,морские гребешки
1068,морской коктейль
1069,морской коктейль в масле
1070,морской коктейль замороженный
1071,морской черт
1072,морской язык
1073,морской язык филе
1074,мортаделла
1075,моцарелла
1076,моцарелла для запекания
1077,моцарелла для пиццы
1078,моцарелла мини
1079,моцарелла с травами
1080,моцарелла шарик большой
1081,мука
1082,мука 1 сорт
1083,мука 2 сорт
1084,мука «Аладушкин»
1085,мука грубого помола
1086,мука для темпуры
1087,мука из пророщенной пшеницы
1088,мука манитоба
1089,мука с отрубями
1090,мука с семечками
1091,мука самоподнимающаяся
1092,мука хлебопекарная
1093,мука цельнозерновая
1094,мускат белый
1095,мускатное вино
1096,мускатный орех
1097,мускатный орех молотый
1098,мюсли
1099,мягкий творог
1100,мясной бульон
1101,мясной фарш
1102,мясо
1103,мясо дикого кабана
1104,мясо криля
1105,мясо на косточке
1106,мята
1107,мята сушеная
1108,мятный сироп
1109,мятный шнапс
1110,нардек
1111,нектарины
1112,нога ягненка без кости
1113,нори
1114,нуга
1115,нуга с орехами
1116,нут
1117,нут консервированный
1118,нутелла
1119,нутовая мука
1120,облепиха
1121,облепиха замороженная
1122,облепиховый сироп
1123,овощи
1124,овощная смесь
1125,овощная смесь замороженная
1126,овощная смесь замороженная для wok
1127,овощная смесь по-китайски
1128,овощной бульон
1129,овсяная мука
1130,овсяное молоко
1131,овсяное печенье
1132,овсяное толокно
1133,овсяные зерна
1134,овсяные отруби
1135,овсяные хлопья
1136,овсяные хлопья быстрого приготовления
1137,огуречный рассол
1138,огурцы
1139,огурцы консервированные
1140,огурцы малосольные
1141,огурцы маринованные
1142,огурцы свежие
1143,огурцы соленые
1144,одуванчики
1145,окорок
1146,окорок варено-копченый
1147,окунь
1148,окунь красный филе
1149,окунь морской
1150,окунь морской филе
1151,окунь филе
1152,оленина
1153,оливки
1154,оливки без косточек
1155,оливки зеленые
1156,оливки зеленые консервированные
1157,оливки каламата
1158,оливки консервированные
1159,оливки черные
1160,"оливки, фаршированные анчоусами"
1161,оливковая паста
1162,оливковое масло
1163,оливковое масло Extra Virgin
1164,опунция плоды
1165,опята
1166,опята замороженные
1167,опята маринованные
1168,орегано
1169,орегано свежий
1170,орегано сушеный
1171,орехи
1172,орехи бразильские
1173,орехи макадамия
1174,орехи пекан
1175,орехи пинии
1176,ореховая крошка
1177,ореховая паста
1178,ореховое масло
1179,ореховый ликер
1180,ореховый соус
1181,осетр
1182,осетрина холодного копчения
1183,осьминог
1184,осьминоги консервированные
1185,осьминоги мини
1186,отруби
1187,ошеек
1188,пагр
1189,пажитник
1190,пажитник семена
1191,палтус
1192,пальмовое масло
1193,пангасиус
1194,панеттоне
1195,панчетта
1196,папайя
1197,папайя консервированная в собственном соку
1198,папоротник
1199,папоротник соленый
1200,паппарделле
1201,паприка
1202,паприка копченая
1203,паприка красная
1204,паприка красная молотая
1205,паприка острая копченая
1206,паприка сладкая
1207,паприка сладкая копченая
1208,паприка сладкая хлопьями
1209,пармезан
1210,паста
1211,паста веджимайт
1212,паста тахини
1213,паста хариса
1214,пастернак
1215,пастила
1216,пастила виноградная
1217,патиссоны
1218,патока
1219,патока крахмальная
1220,патока черная (меласса)
1221,пахта
1222,паштет
1223,пекарский порошок
1224,пекорино
1225,пектин
1226,пеленгас
1227,пельмени
1228,пенне
1229,пенне ригате
1230,пеперончино
1231,пеперончино молотый
1232,переводной лист для шоколада
1233,перепелки
1234,перец
1235,перец белый
1236,перец белый горошком
1237,перец белый молотый
1238,перец белый свежемолотый
1239,перец болгарский
1240,перец болгарский желтый
1241,перец болгарский зеленый
1242,перец болгарский красный
1243,перец горошком
1244,перец горошком смесь
1245,перец душистый
1246,перец душистый горошком
1247,перец душистый молотый
1248,перец испанский острый
1249,перец кайенский
1250,перец кайенский красный
1251,перец кайенский молотый
1252,перец красный
1253,перец красный горошком
1254,перец красный жгучий
1255,перец красный молотый
1256,перец красный острый
1257,перец красный острый молотый
1258,перец красный хлопьями
1259,перец лимонный
1260,перец маринованный
1261,перец острый
1262,перец острый зеленый
1263,перец острый молотый
1264,перец падрон
1265,перец пеперони
1266,перец пеперони красный
1267,перец розовый горошком
1268,перец свежемолотый смесь
1269,перец сенегальский
1270,перец сладкий
1271,перец сладкий желтый
1272,перец сладкий зеленый
1273,перец сладкий красный
1274,перец сладкий красный маринованный
1275,перец сладкий красный молотый
1276,перец сладкий оранжевый
1277,перец сладкий сушеный
1278,перец сычуаньский
1279,перец халапеньо
1280,перец халапеньо маринованный
1281,перец черный
1282,перец черный горошком
1283,перец черный молотый
1284,перец черный свежемолотый
1285,перец чили
1286,перец чили зеленый
1287,перец чили красный
1288,перец чили маринованный
1289,перец чили молотый
1290,перец чили сухой
1291,перец чили хлопьями
1292,перец ямайский
1293,перловая крупа
1294,перловая мука
1295,персики
1296,персики консервированные
1297,персики сушеные
1298,персиковое пюре
1299,персиковый джем
1300,персиковый мармелад
1301,персиковый сироп
1302,персиковый сок
1303,перцовая паста
1304,петрушка
1305,петрушка зелень
1306,петрушка итальянская
1307,петрушка корень
1308,петрушка рубленая
1309,петрушка сушеная
1310,печень
1311,печенье
1312,печенье Oreo
1313,печенье «Дамские пальчики»
1314,печенье Амаретти
1315,печенье Савоярди
1316,печенье Юбилейное молочное
1317,печенье бисквитное
1318,печенье галетное
1319,печенье песочное
1320,печенье рассыпчатое
1321,печенье сахарное
1322,печенье сладкое
1323,печенье сухое
1324,печенье шоколадное
1325,пиво
1326,пиво имбирное
1327,пиво нефильтрованное
1328,пиво светлое
1329,пиво темное
1330,пикша
1331,питы
1332,повидло
1333,подсолнечное масло
1334,подсолнечные семечки
1335,полба
1336,полба недозрелая
1337,полента
1338,полента быстрого приготовления
1339,помело
1340,помидоры
1341,помидоры бурые
1342,помидоры вяленые
1343,помидоры вяленые в масле
1344,помидоры желтые
1345,помидоры зеленые
1346,помидоры консервированные
1347,помидоры консервированные в собственном соку
1348,помидоры консервированные в собственном соку с базиликом
1349,помидоры протертые пассата
1350,помидоры соленые
1351,помидоры сушеные хлопьями
1352,помидоры черри
1353,помидоры черри желтые
1354,попкорн
1355,поросенок
1356,портвейн
1357,портобелло
1358,портулак
1359,посыпка кондитерская
1360,почки
1361,приправа 4 перца
1362,приправа 5 специй (five spice)
1363,приправа для баранины
1364,приправа для картофеля
1365,приправа для курицы
1366,приправа для макарон
1367,приправа для маринования свинины
1368,приправа для морепродуктов
1369,приправа для мяса
1370,приправа для паэльи
1371,приправа для пиццы
1372,приправа для плова
1373,приправа для птицы
1374,приправа для рыбы
1375,приправа для салатов
1376,приправа заатар
1377,приправа креольская
1378,приправа с сушеными грибами
1379,приправы
1380,прованские травы
1381,проволоне
1382,просекко
1383,простокваша
1384,протеин сывороточный
1385,прошутто
1386,пряники
1387,пряничные специи
1388,пряности
1389,псиллиум
1390,птитим
1391,пудинг
1392,пудинг ванильный
1393,пудинг ванильный инстант
1394,пудинг карамельный
1395,пшеница
1396,пшеничная крупа
1397,пшеничная мука
1398,пшеничная мука цельнозерновая
1399,пшеничные зародыши
1400,пшеничные отруби
1401,пшеничные ростки
1402,пшеничные хлопья
1403,пшенные хлопья
1404,пшено
1405,пыльца цветочная
1406,пюре
1407,радиккио
1408,разрыхлитель
1409,раки
1410,раковые шейки
1411,раковые шейки в рассоле
1412,рамбутан
1413,рапаны
1414,рапсовое масло
1415,рассол
1416,рассол от каперсов
1417,рассол от оливок
1418,растительное масло
1419,растительное масло для жарки
1420,растительное масло нерафинированное
1421,растительное масло рафинированное
1422,растительное молоко
1423,ревень
1424,реган
1425,редис
1426,редька
1427,редька белая
1428,редька зеленая
1429,редька черная
1430,репа
1431,репа белая
1432,ржаная закваска
1433,ржаная закваска густая
1434,ржаная мука
1435,ржаные отруби
1436,ригатони
1437,рикотта
1438,рикотта твердая
1439,рис
1440,рис арборио
1441,рис басмати
1442,рис бурый
1443,рис бурый и дикий смесь
1444,рис вареный
1445,рис виола
1446,рис девзира
1447,рис дикий
1448,рис дикий и золотистый смесь
1449,рис длиннозерный
1450,рис длиннозерный золотистый
1451,рис для плова
1452,рис для пудинга
1453,рис для ризотто
1454,рис для суши
1455,рис жасминовый
1456,рис золотистый
1457,рис индика
1458,рис италика
1459,рис карнароли
1460,рис красный
1461,рис круглозерный
1462,рис кубанский
1463,рис пропаренный
1464,рис пропаренный и дикий смесь
1465,рис японика
1466,рисовая бумага
1467,рисовая лапша
1468,рисовая мука
1469,рисовое вино
1470,рисовые хлопья
1471,рисовые шарики воздушные
1472,рисовый крахмал
1473,рисовый уксус
1474,рожь
1475,розмарин
1476,розмарин сушеный
1477,розовая вода
1478,розовые бутоны сушеные
1479,розовые лепестки
1480,розы
1481,рокфор
1482,ром
1483,ром темный
1484,ромашка сушеная
1485,ромовый экстракт
1486,ростбиф
1487,рукола
1488,рулька
1489,рыба
1490,рыба белая
1491,рыба белая филе
1492,рыба консервированная
1493,рыба копченая
1494,рыба копченая филе
1495,рыба красная
1496,рыба красная соленая
1497,рыба красная филе
1498,рыба морская
1499,рыба солнечник филе
1500,рыба-меч
1501,рыба-соль
1502,рыбное филе
1503,рыбные консервы
1504,рыбные кости
1505,"рыбные обрезки, головы, плавники"
1506,рыбный бульон
1507,рыбный соус
1508,рыбный соус Nam Pla
1509,рыбный соус тайский
1510,рыбный фарш
1511,рябина черноплодная
1512,рябчик
1513,ряженка
1514,ряженка 4%
1515,сайда
1516,сайда филе
1517,сайра
1518,сайра консервированная
1519,саке
1520,салака
1521,салат
1522,салат айсберг
1523,салат китайский
1524,салат корн
1525,салат кочанный
1526,салат кучерявый
1527,салат листовой
1528,салат романо
1529,салат фриссе
1530,салатный микс
1531,сало
1532,сало копченое в перце
1533,сало копченое с мясными прослойками
1534,сало с мясными прослойками
1535,сальник
1536,сальса
1537,сальса верде
1538,салями
1539,салями итальянская
1540,сардельки
1541,сардельки копченые
1542,сардинки маленькие
1543,сардины
1544,сардины в масле
1545,сахар
1546,сахар ванильный
1547,сахар демерара
1548,сахар жемчужный
1549,сахар коричневый
1550,сахар коричневый крупнокристаллический
1551,сахар мусковадо
1552,сахар пальмовый
1553,сахар тростниковый
1554,сахар-рафинад
1555,сахар-рафинад с корицей
1556,сахарная пудра
1557,сахарная пудра апельсиновая
1558,сахарная пудра ванильная
1559,сахарные жемчужинки
1560,сахарные кондитерские украшения
1561,сахарный песок
1562,сахарный песок крупный
1563,сахарный песок мелкий
1564,сахарный сироп
1565,сванская соль
1566,свекла
1567,свекла вареная
1568,свекольная ботва
1569,свекольные листья
1570,свиная вырезка
1571,свиная голова
1572,свиная грудинка
1573,свиная корейка
1574,свиная корейка копченая
1575,свиная корейка на кости
1576,свиная лопатка варено-копченая
1577,свиная мякоть
1578,свиная пашина
1579,свиная печень
1580,свиная рулька
1581,свиная рулька варено-копченая
1582,свиная рулька копченая
1583,свиная шейка
1584,свинина
1585,свинина вареная
1586,свинина нежирная
1587,свинина с жирком
1588,свиное сердце
1589,свиное филе
1590,свиной подчеревок
1591,свиной фарш
1592,свиной язык
1593,свиные котлеты на косточке
1594,свиные легкие
1595,свиные ножки
1596,свиные отбивные
1597,свиные отбивные на косточке
1598,свиные ребра
1599,свиные уши
1600,свиные щечки
1601,свити
1602,сельдерей
1603,сельдерей зелень
1604,сельдерей корень
1605,сельдерей корень сушеный
1606,сельдерей семена
1607,сельдерей стебли
1608,сельдерейная соль
1609,сельдь
1610,сельдь слабосоленая
1611,сельдь соленая
1612,сельдь филе
1613,семга
1614,семга копченая
1615,семга свежая
1616,семга соленая
1617,семга филе на коже
1618,семечки
1619,семечки смесь
1620,семолина
1621,сервелат варено-копченый
1622,сибас
1623,сидр
1624,сироп
1625,сироп от консервированных груш
1626,сироп от консервированных персиков
1627,сироп топинамбура
1628,скумбрия
1629,скумбрия свежая
1630,скумбрия филе
1631,скумбрия холодного копчения
1632,сливки
1633,сливки 10-20%
1634,сливки 15%
1635,сливки 20%
1636,сливки 33-35%
1637,сливки жирные
1638,сливки кондитерские
1639,сливовая паста
1640,сливовое варенье
1641,сливовое вино
1642,сливовый джем
1643,сливовый ликер
1644,сливовый соус
1645,сливочное масло
1646,сливы
1647,сливы замороженные
1648,смалец
1649,смесь для кекса
1650,смесь для оладий
1651,смесь для хлеба 8 злаков
1652,сметана
1653,сметана 10%
1654,сметана 15%
1655,сметана 18%
1656,сметана 20%
1657,сметана 25%
1658,сметана 30%
1659,сметана 35%
1660,сметана жирная
1661,сметана нежирная
1662,сметана некислая
1663,смородина сушеная
1664,смородиновые листья
1665,сморчки сухие
1666,снежок
1667,сныть
1668,сода
1669,соевая мука
1670,соевое масло
1671,соевое молоко
1672,соевые ростки
1673,соевый соус
1674,сок
1675,сок из красных апельсинов
1676,сок мультивитаминный
1677,сок юзу
1678,солод
1679,солод жидкий
1680,солод темный
1681,солодовый экстракт
1682,соломка
1683,соль
1684,соль гималайская
1685,соль крупного помола
1686,соль морская
1687,сом филе
1688,сосиски
1689,сосиски из куриного фарша
1690,сосиски копченые
1691,соус
1692,соус black bean
1693,соус sambal oelek
1694,соус барбекю
1695,соус краснодарский
1696,соус красный острый
1697,соус мирин
1698,соус наршараб
1699,соус острый
1700,соус песто
1701,соус сацебели
1702,соус табаско
1703,соус терияки
1704,соус ткемали
1705,соус ткемали благородный
1706,соус ткемали ранний
1707,соус устричный
1708,соус чили
1709,соус чили сладкий
1710,соус экзотический
1711,соя
1712,спагетти
1713,спагетти лунги
1714,спагетти № 3
1715,спагетти № 5
1716,спаржа
1717,спаржа белая
1718,спаржа зеленая
1719,спаржа молодая
1720,спек
1721,спельта
1722,спельтовая (полбяная) мука
1723,специи
1724,спирт
1725,спирулина порошок
1726,спред
1727,ставрида
1728,стейк семги
1729,стеклянная лапша
1730,страчателла
1731,судак
1732,судак филе
1733,судак филе на коже
1734,сулугуни
1735,сулугуни копченый
1736,сумах
1737,суповой набор
1738,сухари
1739,сухари белые
1740,сухари молотые
1741,сухари панировочные
1742,сухари ржаные
1743,сухарная крошка
1744,сухофрукты
1745,сухофрукты тропические
1746,сушки
1747,сыворотка
1748,сыр
1749,сыр tete de moine
1750,сыр Австрия блю
1751,сыр Маскарпоне
1752,сыр адыгейский
1753,сыр бри
1754,сыр буко
1755,сыр гауда
1756,сыр гойя
1757,сыр голландский
1758,сыр голубой
1759,сыр гравьера
1760,сыр джугас
1761,сыр домашний
1762,сыр дорблю
1763,сыр имеретинский
1764,сыр кефалотири
1765,сыр козий мягкий
1766,сыр козий твердый
1767,сыр колбасный
1768,сыр копченый
1769,сыр коттедж
1770,сыр мраморный
1771,сыр мягкий
1772,сыр овечий
1773,сыр панир
1774,сыр пеше миньон
1775,сыр плавленый
1776,сыр плавленый шоколадный
1777,сыр пластинками
1778,сыр полутвердый
1779,сыр провола
1780,сыр российский
1781,сыр с плесенью
1782,сыр с плесенью мягкий
1783,сыр скаморца
1784,сыр скаморца копченый
1785,сыр сливочный
1786,сыр твердый
1787,сыр филадельфия
1788,сыр фонтина
1789,сыр хаварти
1790,сыр швейцарский
1791,сырки творожные
1792,сычужный фермент
1793,таледжо
1794,тальолини
1795,тальятелле
1796,тальятелле-гнезда
1797,тамаринд
1798,тамариндовая паста
1799,тапиока
1800,тарталетки
1801,тартар
1802,тархун
1803,творог
1804,творог 18%
1805,творог 2%
1806,творог 5%
1807,творог 9%
1808,творог жирный
1809,творог зерненый
1810,творог обезжиренный
1811,творожная масса
1812,творожная паста
1813,творожный сыр
1814,творожный сыр соленый
1815,творожок клубничный
1816,текила
1817,телятина
1818,телятина вареная
1819,телячий фарш
1820,телячьи отбивные на косточке
1821,телячьи шницели
1822,телячьи эскалопы
1823,телячья вырезка
1824,телячья печень
1825,телячья щека
1826,тесто бездрожжевое
1827,тесто готовое
1828,тесто для вонтонов
1829,тесто для пиццы
1830,тесто дрожжевое
1831,тесто катаифи
1832,тесто макаронное
1833,тесто макаронное для лазаньи
1834,тесто пельменное
1835,тесто песочное
1836,тесто пресное
1837,тесто пряничное
1838,тесто слоеное
1839,тесто слоеное бездрожжевое
1840,тесто слоеное дрожжевое
1841,тесто фило
1842,тилапия
1843,тилапия филе
1844,тильзитер
1845,тимьян
1846,тимьян лимонный
1847,тимьян свежий
1848,тимьян сушеный
1849,ткемали
1850,тмин
1851,тмин молотый
1852,томатная паста
1853,томатное пюре
1854,томатный концентрат
1855,томатный порошок
1856,томатный сок
1857,томатный соус
1858,томатный соус итальянский
1859,томатный соус острый
1860,томатный соус с базиликом
1861,тоник
1862,топинамбур
1863,топленое масло
1864,тортильи
1865,тортильони
1866,тофу
1867,травы ароматные
1868,травы пряные с перцем
1869,травы сухие
1870,треска
1871,треска печень
1872,треска филе
1873,трюфель
1874,трюфель черный
1875,трюфельная крошка
1876,трюфельное масло
1877,тунец
1878,тунец консервированный
1879,тунец филе
1880,тушенка
1881,тыква
1882,тыквенное масло
1883,тыквенное пюре
1884,тыквенные семечки
1885,тюлька свежая
1886,угорь
1887,угорь копченый
1888,угурт
1889,укроп
1890,укроп свежий
1891,укроп сушеный
1892,укропное семя
1893,уксус
1894,уксус 9%
1895,уксус из сидра
1896,уксус столовый
1897,уксусная эссенция
1898,улитки
1899,улитки виноградные
1900,урюк
1901,устрицы
1902,утиная грудка
1903,утиная печень
1904,утиное филе
1905,утиные бедрышки
1906,утиные ножки
1907,утка
1908,утка печеная
1909,утка тушка
1910,уцхо-сунели
1911,фазан
1912,фарш (баранина и говядина)
1913,фарш (свинина и курица)
1914,фасоль
1915,фасоль белая
1916,фасоль белая консервированная
1917,фасоль белая лима
1918,фасоль зеленая стручковая
1919,фасоль кенийская
1920,фасоль кидни красная
1921,фасоль консервированная
1922,фасоль красная
1923,фасоль красная вареная
1924,фасоль красная консервированная
1925,фасоль молодая замороженная
1926,фасоль пинто
1927,фасоль спаржевая вареная
1928,фасоль стручковая
1929,фасоль стручковая замороженная
1930,фасоль стручковая консервированная
1931,фасоль черный глаз
1932,фейхоа
1933,фенхель
1934,фенхель семена
1935,фенхель семена молотые
1936,фестонате
1937,фета
1938,фетаки
1939,фетакса
1940,феттучине
1941,фиалки засахаренные
1942,фиалковый сироп
1943,физалис
1944,филе красного окуня
1945,филе лосося
1946,филе палтуса
1947,финики
1948,финики без косточек
1949,финики иранские
1950,финики иранские без косточек
1951,фисташки
1952,фисташки очищенные
1953,фисташки очищенные несоленые
1954,фисташки рубленые
1955,фисташковая мука
1956,фисташковая паста
1957,фисташковое масло
1958,фокачча
1959,форель
1960,форель вареная
1961,форель горячего копчения
1962,форель озерная свежая
1963,форель слабосоленая
1964,форель стейки
1965,форель филе
1966,форель холодного копчения
1967,фрикадельки
1968,фрукт дракона
1969,фруктовый сироп
1970,фруктовый сок
1971,фруктовый сок без сахара
1972,фруктоза
1973,фрукты
1974,фрукты консервированные
1975,фундук
1976,фундучная мука
1977,фунчоза
1978,халва
1979,халва ванильная
1980,халва подсолнечная
1981,халуми
1982,хамон
1983,хек
1984,хек филе
1985,херес
1986,хересный уксус
1987,хлеб
1988,хлеб 7 злаков
1989,хлеб белый
1990,хлеб белый сухой
1991,хлеб бородинский
1992,хлеб датский ржаной
1993,хлеб для сэндвичей
1994,хлеб ржаной
1995,хлеб с кунжутом
1996,хлеб серый
1997,хлеб цельнозерновой
1998,хлебная крошка
1999,хлебцы пшенично-ржаные цельнозерновые
2000,хлопья 4 злака
2001,хлопья 5 злаков
2002,хлопья 7 злаков
2003,хлопья быстрого приготовления
2004,хлорид кальция
2005,хмели-сунели
2006,хмель
2007,хрен
2008,хрен протертый
2009,хрен со сливками
2010,хурма
2011,хурма спелая
2012,цесарка тушка
2013,цикорий
2014,цитроновые цукаты
2015,цитрусовые цукаты
2016,цитрусовый свежевыжатый сок
2017,цукаты
2018,цукини
2019,цукини цветы
2020,цыплята
2021,цыплята-корнишоны
2022,чабер
2023,чабрец
2024,чабрец сушеный
2025,чай дарджилинг
2026,чай жасминовый
2027,чай зеленый
2028,чай копченый лапсанг сушонг
2029,чай красный
2030,чай ройбуш
2031,чай черный
2032,чай черный крупнолистовой
2033,чай черный со специями
2034,чай эрл грей
2035,чатни манго
2036,чеддер
2037,черемуха
2038,черемуховая мука
2039,черемша
2040,черешневый джем
2041,черешня
2042,черешня консервированная без косточек
2043,черная смородина
2044,черника
2045,черника замороженная
2046,чернила каракатицы
2047,черничный джем
2048,чернослив
2049,чернослив без косточек
2050,чернослив вяленый
2051,чернослив копченый без косточек
2052,черносмородиновое варенье
2053,черносмородиновый джем
2054,чеснок
2055,чеснок молодой
2056,чеснок сушеный
2057,чесночная соль
2058,чесночное масло
2059,чесночный порошок
2060,чечевица
2061,чечевица вареная
2062,чечевица зеленая
2063,чечевица красная
2064,чечил спагетти
2065,чиа семена
2066,чиабатта
2067,чипотле молотый
2068,чипсы
2069,чоризо
2070,шалфей
2071,шалфей свежий
2072,шалфей сушеный
2073,шампанское
2074,шампанское советское
2075,шампанское сухое
2076,шампиньоны
2077,шампиньоны замороженные
2078,шампиньоны консервированные
2079,шампиньоны маринованные
2080,шампиньоны свежие
2081,шафран
2082,шафран имеретинский
2083,шафран молотый
2084,шафран нити
2085,шелковица
2086,шелковица сушеная
2087,шиповник
2088,шиповниковый сироп
2089,шнапс
2090,шнитт-лук
2091,шоколад
2092,шоколад белый
2093,шоколад горький с апельсиновой цедрой
2094,шоколад молочный
2095,шоколад мятный
2096,шоколад полусладкий
2097,шоколад с орехами
2098,шоколад черный горький
2099,шоколад черный горький 70%
2100,шоколад черный горький 75%
2101,шоколад черный горький 85%
2102,шоколадная паста
2103,шоколадная стружка
2104,шоколадно-ореховая паста
2105,шоколадное масло
2106,шоколадные горошины
2107,шоколадные капли
2108,шоколадные капли белые
2109,шоколадные конфеты
2110,шоколадные хлопья
2111,шоколадные шарики из готовых завтраков
2112,шоколадный ликер
2113,шоколадный сироп
2114,шоколадный соус
2115,шортенинг
2116,шпик
2117,шпик копченый
2118,шпинат
2119,шпинат замороженный
2120,шпинат молодой
2121,шпинат свежий
2122,шпроты
2123,шпроты в масле
2124,шрот
2125,щавель замороженный
2126,щавель свежий
2127,щука
2128,щука филе
2129,эгг-ног
2130,эдам
2131,эль
2132,эмменталь
2133,эскалоп
2134,эстрагон
2135,эстрагон сушеный
2136,яблоки
2137,яблоки антоновка
2138,яблоки гала
2139,яблоки голден
2140,яблоки гренни смит
2141,яблоки зеленые
2142,яблоки красные
2143,яблоки моченые
2144,яблоки нетвердых сортов
2145,яблоки сладкие
2146,яблоки сушеные
2147,яблочная эссенция
2148,яблочное варенье
2149,яблочное повидло
2150,яблочное пюре
2151,яблочные чипсы
2152,яблочный джем
2153,яблочный сироп
2154,яблочный сок
2155,яблочный соус
2156,яблочный уксус
2157,ягнятина
2158,ягнятина кострец
2159,ягнятина фарш
2160,ягнячьи отбивные на косточке
2161,ягнячья голень нарубленная
2162,ягнячья корейка
2163,ягодное варенье
2164,ягодное желе
2165,ягодный сироп
2166,ягодный сок
2167,ягодный соус кислый
2168,ягоды
2169,ягоды вяленые
2170,ягоды замороженные
2171,ягоды лесные
2172,ягоды лесные замороженные
2173,яичные белки
2174,яичные желтки
2175,яичные желтки вареные
2176,яичные желтки крупные
2177,яичный меланж
2178,яичный порошок
2179,яйца куриные
2180,яйца куриные крупные
2181,яйца перепелиные
2182,японская крошка панко
2183,ячменные хлопья
2184,ячмень
2185,ячневая крупа
2186,ёрш-носарь
